{
	"biome": "biomesoplenty:corrupted_sands",
	"generationWeight": 8,
	"useDefaultDecorations": true,
	"isSubBiome": false,
	"blocks": {},
	"entities": [
		{
			"spawnWeight": 50,
			"minimumGroupCount": 4,
			"maximumGroupCount": 4,
			"entity": "minecraft:ghast"
		}, 
		{
			"spawnWeight": 100,
			"minimumGroupCount": 4,
			"maximumGroupCount": 4,
			"entity": "minecraft:zombie_pigman"
		}, 
		{
			"spawnWeight": 2,
			"minimumGroupCount": 4,
			"maximumGroupCount": 4,
			"entity": "minecraft:magma_cube"
		}, 
		{
			"spawnWeight": 1,
			"minimumGroupCount": 4,
			"maximumGroupCount": 4,
			"entity": "minecraft:enderman"
		}, 
		{
			"spawnWeight": 2000,
			"minimumGroupCount": 1,
			"maximumGroupCount": 3,
			"entity": "magma_monsters:magma_monster"
		}, 
		{
			"spawnWeight": 2000,
			"minimumGroupCount": 1,
			"maximumGroupCount": 3,
			"entity": "magma_monsters:magma_monster_grunt"
		}, 
		{
			"spawnWeight": 2,
			"minimumGroupCount": 1,
			"maximumGroupCount": 1,
			"entity": "mowziesmobs:grottol"
		}, 
		{
			"spawnWeight": 300,
			"minimumGroupCount": 1,
			"maximumGroupCount": 3,
			"entity": "techguns:tgdummyspawn"
		}, 
		{
			"spawnWeight": 5,
			"minimumGroupCount": 2,
			"maximumGroupCount": 5,
			"entity": "zoocraftdiscoveries:gecko"
		}, 
		{
			"spawnWeight": 5,
			"minimumGroupCount": 2,
			"maximumGroupCount": 5,
			"entity": "zoocraftdiscoveries:hedgehog"
		}, 
		{
			"spawnWeight": 5,
			"minimumGroupCount": 2,
			"maximumGroupCount": 5,
			"entity": "zoocraftdiscoveries:rhino"
		}, 
		{
			"spawnWeight": 5,
			"minimumGroupCount": 2,
			"maximumGroupCount": 5,
			"entity": "zoocraftdiscoveries:camel"
		}
	],
	"traits": [],
	"subBiomes": []
}