{"stat.leaveGame":5,"stat.mineBlock.minecraft.cobblestone":9,"stat.pickup.minecraft.stone_pickaxe":4,"stat.pickup.minecraft.leather_chestplate":2,"stat.mineBlock.srparasites.gore":26,"stat.useItem.spartanweaponry.longsword_diamond":16,"stat.swimOneCm":18016,"stat.useItem.minecraft.planks":15,"stat.climbOneCm":35035,"stat.useItem.minecraft.dirt":5,"stat.useItem.minecraft.stone_slab2":17,"stat.pickup.minecraft.rotten_flesh":8,"stat.useItem.spartanweaponry.greatsword_diamond":133,"stat.craftItem.minecraft.stone_axe":1,"stat.craftItem.minecraft.trapdoor":2,"stat.craftItem.spartanweaponry.boomerang_stone":1,"stat.craftItem.minecraft.stone_pickaxe":2,"stat.killEntity.Enderman":1,"stat.pickup.spartanweaponry.greatsword_stone":1,"stat.pickup.minecraft.cobblestone":411,"stat.pickup.minecraft.leather_boots":2,"stat.craftItem.minecraft.stone_sword":1,"stat.useItem.spartanweaponry.boomerang_stone":26,"stat.flyOneCm":246602,"stat.pickup.spartanshields.shield_basic_stone":1,"stat.mineBlock.minecraft.iron_ore":9,"stat.timeSinceDeath":27991,"stat.useItem.minecraft.iron_pickaxe":22,"stat.craftItem.minecraft.wooden_pickaxe":1,"stat.pickup.minecraft.mutton":2,"stat.pickup.spartanshields.shield_tower_wood":5,"stat.furnaceInteraction":7,"stat.killEntity.ZombieVillager":1,"stat.pickup.srparasites.lurecomponent2":4,"stat.mineBlock.minecraft.coal_ore":24,"stat.pickup.srparasites.lurecomponent1":36,"stat.killEntity.Creeper":2,"stat.pickup.srparasites.lurecomponent4":1,"stat.pickup.minecraft.string":4,"stat.pickup.spartanshields.shield_tower_stone":5,"stat.pickup.minecraft.beef":4,"stat.pickup.minecraft.furnace":1,"stat.useItem.minecraft.cooked_mutton":2,"stat.craftItem.spartanweaponry.boomerang_wood":1,"stat.pickup.minecraft.leather_helmet":2,"stat.useItem.minecraft.trapdoor":1,"stat.sprintOneCm":182959,"stat.craftItem.minecraft.stick":96,"stat.useItem.minecraft.flint_and_steel":11,"stat.pickup.minecraft.leather_leggings":2,"stat.deaths":9,"stat.mineBlock.minecraft.planks":11,"stat.drop":70,"stat.playOneMinute":162015,"stat.useItem.minecraft.wooden_sword":20,"stat.killEntity.Sheep":1,"stat.useItem.minecraft.ladder":35,"stat.craftItem.minecraft.iron_pickaxe":1,"stat.killEntity.Zombie":2,"stat.drop.minecraft.bread":44,"stat.drop.minecraft.torch":23,"stat.pickup.toughasnails.canteen":7,"stat.mineBlock.minecraft.tallgrass":34,"stat.craftItem.minecraft.cooked_mutton":2,"stat.diveOneCm":4414,"stat.pickup.minecraft.wheat":3,"stat.chestOpened":5,"stat.drop.srparasites.lurecomponent2":1,"stat.craftItem.minecraft.ladder":36,"stat.pickup.minecraft.arrow":1,"stat.pickup.minecraft.stone_axe":4,"stat.useItem.minecraft.apple":2,"stat.jump":682,"stat.pickup.minecraft.fence":3,"stat.pickup.minecraft.coal":58,"stat.fallOneCm":8177,"stat.pickup.minecraft.iron_ingot":20,"stat.drop.toughasnails.canteen":1,"stat.useItem.minecraft.stone_axe":111,"stat.crouchOneCm":8550,"stat.useItem.spartanweaponry.boomerang_wood":23,"stat.pickup.minecraft.dirt":37,"stat.craftingTableInteraction":19,"stat.pickup.minecraft.iron_ore":12,"stat.mineBlock.minecraft.glass_pane":1,"stat.pickup.minecraft.wooden_pickaxe":1,"stat.damageTaken":22808,"stat.pickup.minecraft.leather":9,"stat.mineBlock.minecraft.furnace":1,"stat.mineBlock.minecraft.torch":1,"stat.useItem.minecraft.wooden_pickaxe":30,"stat.craftItem.minecraft.wooden_sword":1,"stat.pickup.srparasites.assimilated_flesh":13,"stat.pickup.minecraft.dye":34,"stat.pickup.minecraft.planks":415,"stat.pickup.minecraft.reeds":5,"stat.pickup.minecraft.wheat_seeds":19,"stat.useItem.minecraft.stone_pickaxe":135,"stat.pickup.srparasites.ada_bolster_drop":1,"stat.useItem.minecraft.stone_sword":135,"stat.useItem.toughasnails.campfire":1,"stat.damageDealt":8956,"stat.sleepInBed":3,"stat.drop.cgm.chain_gun":1,"stat.killEntity.Cow":2,"stat.mineBlock.minecraft.dirt":10,"stat.pickup.minecraft.flint_and_steel":4,"stat.walkOneCm":385766,"stat.useItem.minecraft.bread":39,"stat.useItem.minecraft.torch":10,"stat.playerKills":1,"stat.pickup.spartanweaponry.boomerang_stone":7,"stat.pickup.minecraft.stick":18,"stat.pickup.minecraft.crafting_table":1,"stat.useItem.minecraft.cobblestone":362,"stat.craftItem.minecraft.crafting_table":3,"stat.mineBlock.minecraft.double_plant":1,"stat.pickup.minecraft.log":79,"stat.pickup.minecraft.stone":76,"stat.pickup.minecraft.sapling":18,"stat.pickup.minecraft.apple":7,"stat.pickup.minecraft.ladder":12,"stat.killEntity.Skeleton":2,"stat.craftItem.spartanshields.shield_tower_wood":1,"stat.craftItem.minecraft.planks":296,"stat.pickup.minecraft.bread":45,"stat.pickup.minecraft.stone_sword":4,"stat.mobKills":102,"stat.mineBlock.minecraft.log":74,"stat.mineBlock.minecraft.leaves":41,"stat.pickup.spartanweaponry.greatsword_diamond":1,"stat.pickup.minecraft.torch":1,"stat.sneakTime":7040,"stat.mineBlock.minecraft.stone":143}