{"stat.chestOpened":2,"stat.drop.minecraft.stone_pickaxe":1,"stat.pickup.minecraft.bone":5,"stat.leaveGame":2,"stat.pickup.minecraft.gravel":2,"stat.pickup.minecraft.arrow":7,"stat.useItem.minecraft.log2":4,"stat.mineBlock.minecraft.cobblestone":6,"stat.pickup.minecraft.stone_pickaxe":3,"stat.pickup.minecraft.stone_axe":1,"stat.useItem.minecraft.apple":2,"stat.mineBlock.srparasites.gore":22,"stat.useItem.minecraft.rotten_flesh":2,"stat.craftItem.spartanweaponry.greatsword_stone":1,"stat.jump":1170,"stat.swimOneCm":37224,"stat.pickup.minecraft.fence":1,"stat.pickup.minecraft.coal":83,"stat.fallOneCm":21249,"stat.useItem.minecraft.planks":23,"stat.climbOneCm":31045,"stat.pickup.minecraft.iron_ingot":10,"stat.useItem.minecraft.stone_axe":55,"stat.crouchOneCm":7082,"stat.craftItem.minecraft.iron_ingot":19,"stat.pickup.minecraft.dirt":16,"stat.useItem.minecraft.stone_slab2":11,"stat.craftingTableInteraction":20,"stat.pickup.minecraft.iron_ore":22,"stat.pickup.minecraft.rotten_flesh":8,"stat.craftItem.minecraft.furnace":1,"stat.useItem.spartanweaponry.greatsword_diamond":54,"stat.mineBlock.minecraft.lapis_ore":6,"stat.craftItem.minecraft.stone_axe":1,"stat.mineBlock.minecraft.log2":13,"stat.pickup.minecraft.wooden_pickaxe":1,"stat.damageTaken":5662,"stat.pickup.minecraft.leather":3,"stat.craftItem.spartanshields.shield_tower_stone":1,"stat.craftItem.spartanweaponry.boomerang_stone":1,"stat.mineBlock.minecraft.torch":2,"stat.craftItem.minecraft.stone_pickaxe":2,"stat.useItem.minecraft.wooden_pickaxe":11,"stat.craftItem.minecraft.cooked_beef":8,"stat.pickup.minecraft.cobblestone":130,"stat.pickup.srparasites.assimilated_flesh":7,"stat.pickup.minecraft.log2":13,"stat.pickup.minecraft.leather_boots":1,"stat.pickup.minecraft.dye":35,"stat.pickup.minecraft.planks":33,"stat.craftItem.spartanweaponry.hammer_stone":1,"stat.useItem.spartanweaponry.boomerang_stone":35,"stat.flyOneCm":170632,"stat.pickup.minecraft.bed":4,"stat.pickup.minecraft.wheat_seeds":12,"stat.pickup.spartanshields.shield_basic_stone":1,"stat.drop.minecraft.wheat_seeds":3,"stat.mineBlock.minecraft.gravel":2,"stat.useItem.minecraft.stone_pickaxe":190,"stat.useItem.minecraft.cooked_beef":8,"stat.damageDealt":2761,"stat.mineBlock.minecraft.iron_ore":12,"stat.sleepInBed":3,"stat.timeSinceDeath":3218,"stat.craftItem.spartanshields.shield_basic_wood":1,"stat.killEntity.Cow":4,"stat.mineBlock.minecraft.dirt":7,"stat.craftItem.minecraft.wooden_pickaxe":1,"stat.walkOneCm":287978,"stat.useItem.minecraft.bread":42,"stat.useItem.minecraft.torch":1,"stat.pickup.spartanweaponry.boomerang_stone":5,"stat.pickup.minecraft.crafting_table":2,"stat.useItem.minecraft.cobblestone":46,"stat.craftItem.minecraft.crafting_table":1,"stat.furnaceInteraction":13,"stat.drop.spartanweaponry.greatsword_stone":1,"stat.craftItem.spartanweaponry.material":2,"stat.mineBlock.minecraft.double_plant":1,"stat.killEntity.ZombieVillager":1,"stat.mineBlock.minecraft.coal_ore":49,"stat.pickup.srparasites.lurecomponent1":3,"stat.pickup.minecraft.string":4,"stat.pickup.minecraft.log":14,"stat.pickup.spartanshields.shield_tower_stone":1,"stat.pickup.minecraft.beef":8,"stat.craftItem.minecraft.stone_slab2":0,"stat.pickup.minecraft.stone":9,"stat.craftItem.minecraft.iron_chestplate":1,"stat.pickup.minecraft.sapling":2,"stat.useItem.spartanweaponry.hammer_stone":36,"stat.sprintOneCm":159452,"stat.pickup.minecraft.cooked_beef":2,"stat.pickup.minecraft.apple":2,"stat.drop.srparasites.assimilated_flesh":3,"stat.craftItem.minecraft.stick":16,"stat.pickup.spartanweaponry.hammer_stone":1,"stat.killEntity.Skeleton":1,"stat.craftItem.spartanshields.shield_tower_wood":1,"stat.craftItem.minecraft.planks":36,"stat.pickup.minecraft.stone_stairs":1,"stat.mineBlock.srparasites.infestremain":2,"stat.mineBlock.minecraft.crafting_table":1,"stat.killEntity.Spider":1,"stat.pickup.minecraft.bread":70,"stat.mobKills":20,"stat.mineBlock.minecraft.log":14,"stat.entityKilledBy.Creeper":1,"stat.deaths":11,"stat.mineBlock.minecraft.planks":3,"stat.drop":15,"stat.drop.spartanweaponry.hammer_stone":1,"stat.mineBlock.minecraft.leaves":17,"stat.pickup.spartanweaponry.greatsword_diamond":1,"stat.playOneMinute":147538,"stat.craftItem.spartanshields.shield_basic_stone":1,"stat.pickup.minecraft.torch":59,"stat.sneakTime":3272,"stat.killEntity.Zombie":1,"stat.drop.minecraft.bread":5,"stat.drop.minecraft.iron_ingot":10,"stat.pickup.toughasnails.canteen":2,"stat.mineBlock.minecraft.stone":126,"stat.mineBlock.minecraft.tallgrass":62,"stat.diveOneCm":33164}